model_number,brand,appliance_type,updated_at
2213222N414,,dishwasher,1773880798.282256
2213223N414,,dishwasher,1773880798.282256
2213229N414,,dishwasher,1773880798.282256
2214523N611,,dishwasher,1773880798.282256
2214545N711,,dishwasher,1773880798.282256
2214573N612,,dishwasher,1773880798.282256
66213292K112,,dishwasher,1773880798.282256
66213299K112,,dishwasher,1773880798.282256
66513222N410,,dishwasher,1773880798.282256
66513222N411,,dishwasher,1773880798.282256
66513222N412,,dishwasher,1773880798.282256
66513222N413,,dishwasher,1773880798.282256
66513223N410,,dishwasher,1773880798.282256
66513223N411,,dishwasher,1773880798.282256
66513223N412,,dishwasher,1773880798.282256
66513223N413,,dishwasher,1773880798.282256
66513223N414,,dishwasher,1773880798.282256
66513229N410,,dishwasher,1773880798.282256
66513229N411,,dishwasher,1773880798.282256
66513229N412,,dishwasher,1773880798.282256
66513229N413,,dishwasher,1773880798.282256
66513229N414,,dishwasher,1773880798.282256
66513252K110,,dishwasher,1773880798.282256
66513252K111,,dishwasher,1773880798.282256
66513252K112,,dishwasher,1773880798.282256
66513252K113,,dishwasher,1773880798.282256
66513252K114,,dishwasher,1773880798.282256
66513252K115,,dishwasher,1773880798.282256
66513253K110,,dishwasher,1773880798.282256
66513255K110,,dishwasher,1773880798.282256
66512762K312,,dishwasher,1773880798.690644
66512762K314,,dishwasher,1773880798.690644
66512763K312,,dishwasher,1773880798.690644
66512763K313,,dishwasher,1773880798.690644
66512763K314,,dishwasher,1773880798.690644
66512769K312,,dishwasher,1773880798.690644
66512769K313,,dishwasher,1773880798.690644
66512769K314,,dishwasher,1773880798.690644
66512772K312,,dishwasher,1773880798.690644
66512772K313,,dishwasher,1773880798.690644
66512772K314,,dishwasher,1773880798.690644
66512773K313,,dishwasher,1773880798.690644
66512773K314,,dishwasher,1773880798.690644
66512774K312,,dishwasher,1773880798.690644
66512774K313,,dishwasher,1773880798.690644
66512774K314,,dishwasher,1773880798.690644
66512776K312,,dishwasher,1773880798.690644
66512776K314,,dishwasher,1773880798.690644
66512776K315,,dishwasher,1773880798.690644
66512779K312,,dishwasher,1773880798.690644
66512779K313,,dishwasher,1773880798.690644
66512779K314,,dishwasher,1773880798.690644
66512813K313,,dishwasher,1773880798.690644
66513202N410,,dishwasher,1773880798.690644
110723120,,dishwasher,1773880798.484843
2212413N414,,dishwasher,1773880798.484843
2213092N413,,dishwasher,1773880798.484843
2213099N413,,dishwasher,1773880798.484843
2213479N413,,dishwasher,1773880798.484843
2213802N710,,dishwasher,1773880798.484843
2213804N710,,dishwasher,1773880798.484843
2213809N710,,dishwasher,1773880798.484843
2217382N710,,dishwasher,1773880798.484843
2217383N710,,dishwasher,1773880798.484843
2217389N710,,dishwasher,1773880798.484843
66213032K112,,dishwasher,1773880798.484843
665110739120,,dishwasher,1773880798.484843
665110739130,,dishwasher,1773880798.484843
665110739140,,dishwasher,1773880798.484843
665110739190,,dishwasher,1773880798.484843
66512093K210,,dishwasher,1773880798.484843
66512413N410,,dishwasher,1773880798.484843
66512413N411,,dishwasher,1773880798.484843
66512413N412,,dishwasher,1773880798.484843
66512413N413,,dishwasher,1773880798.484843
66512723K310,,dishwasher,1773880798.484843
66512723K311,,dishwasher,1773880798.484843
2214715N710,,dishwasher,1773880811.775369
2214792N512,,dishwasher,1773880811.775369
2214793N512,,dishwasher,1773880811.775369
2214799N512,,dishwasher,1773880811.775369
66512782K310,,dishwasher,1773880811.775369
66512782K312,,dishwasher,1773880811.775369
66512782K313,,dishwasher,1773880811.775369
66512783K311,,dishwasher,1773880811.775369
66512783K312,,dishwasher,1773880811.775369
66512783K313,,dishwasher,1773880811.775369
66512789K311,,dishwasher,1773880811.775369
66512789K312,,dishwasher,1773880811.775369
66512789K313,,dishwasher,1773880811.775369
66514712N710,,dishwasher,1773880811.775369
66514713N710,,dishwasher,1773880811.775369
66514715N710,,dishwasher,1773880811.775369
66514719N710,,dishwasher,1773880811.775369
66514762N510,,dishwasher,1773880811.775369
66514763N510,,dishwasher,1773880811.775369
66514769N510,,dishwasher,1773880811.775369
66514792N510,,dishwasher,1773880811.775369
66514792N511,,dishwasher,1773880811.775369
66514792N512,,dishwasher,1773880811.775369
66514793N510,,dishwasher,1773880811.775369
66514793N511,,dishwasher,1773880811.775369
66514793N512,,dishwasher,1773880811.775369
66514793N513,,dishwasher,1773880811.775369
66514799N510,,dishwasher,1773880811.775369
66514799N511,,dishwasher,1773880811.775369
66514799N512,,dishwasher,1773880811.775369
66512762K313,,dishwasher,1773880812.235548
58714022200A,,dishwasher,1773880812.522038
58714023200A,,dishwasher,1773880812.522038
58714024200A,,dishwasher,1773880812.522038
58714028200A,,dishwasher,1773880812.522038
58714029200A,,dishwasher,1773880812.522038
58714102800,,dishwasher,1773880812.522038
58714153400,,dishwasher,1773880812.522038
58714154400,,dishwasher,1773880812.522038
58714209200,,dishwasher,1773880812.522038
58714309200,,dishwasher,1773880812.522038
58715102800,,dishwasher,1773880812.522038
58715102801,,dishwasher,1773880812.522038
58715103800,,dishwasher,1773880812.522038
58715103801,,dishwasher,1773880812.522038
58715104800,,dishwasher,1773880812.522038
58715104801,,dishwasher,1773880812.522038
58715109800,,dishwasher,1773880812.522038
58715109801,,dishwasher,1773880812.522038
58715159400,,dishwasher,1773880812.522038
58715169400,,dishwasher,1773880812.522038
58715232901A,,dishwasher,1773880812.522038
58715233901A,,dishwasher,1773880812.522038
58715234901A,,dishwasher,1773880812.522038
58715238901A,,dishwasher,1773880812.522038
58715239901A,,dishwasher,1773880812.522038
58715252400,,dishwasher,1773880812.522038
58715252401,,dishwasher,1773880812.522038
58715252402,,dishwasher,1773880812.522038
58715253400,,dishwasher,1773880812.522038
58715253401,,dishwasher,1773880812.522038
ADT521PGF0BS,,dishwasher,1773880823.6594508
ADT521PGF0WS,,dishwasher,1773880823.6594508
ADT521PGF2BS,,dishwasher,1773880823.6594508
ADT521PGF2WS,,dishwasher,1773880823.6594508
ADT521PGF4BS,,dishwasher,1773880823.6594508
ADT521PGF4WS,,dishwasher,1773880823.6594508
ADT521PGF6BS,,dishwasher,1773880823.6594508
ADT521PGF6WS,,dishwasher,1773880823.6594508
ADT521PGJ0BS,,dishwasher,1773880823.6594508
ADT521PGJ0WS,,dishwasher,1773880823.6594508
ADT521PGJ2BS,,dishwasher,1773880823.6594508
ADT521PGJ2WS,,dishwasher,1773880823.6594508
CDT800P2N2S1,,dishwasher,1773880823.6594508
CDT800P2N3S1,,dishwasher,1773880823.6594508
CDT800P2N4S1,,dishwasher,1773880823.6594508
CDT800P2N5S1,,dishwasher,1773880823.6594508
DDT575SGF0BB,,dishwasher,1773880823.6594508
DDT575SGF0WW,,dishwasher,1773880823.6594508
DDT575SGF2BB,,dishwasher,1773880823.6594508
DDT575SGF2WW,,dishwasher,1773880823.6594508
DDT575SGF4BB,,dishwasher,1773880823.6594508
DDT575SGF4WW,,dishwasher,1773880823.6594508
DDT575SGF5BB,,dishwasher,1773880823.6594508
DDT575SGF5WW,,dishwasher,1773880823.6594508
DDT575SGF6BB,,dishwasher,1773880823.6594508
DDT575SGF6WW,,dishwasher,1773880823.6594508
DDT575SGF7BB,,dishwasher,1773880823.6594508
DDT575SGF7WW,,dishwasher,1773880823.6594508
DDT575SGF8BB,,dishwasher,1773880823.6594508
DDT575SGF8WW,,dishwasher,1773880823.6594508
ADT521PGJBS,,dishwasher,1773880824.2581272
ADT521PGJWS,,dishwasher,1773880824.2581272
CDP888M5V1S5,,dishwasher,1773880824.2581272
CDT706P2M4S1,,dishwasher,1773880824.2581272
CDT706P2M5S1,,dishwasher,1773880824.2581272
CDT725SSF0SS,,dishwasher,1773880824.2581272
CDT725SSF2SS,,dishwasher,1773880824.2581272
CDT725SSF4SS,,dishwasher,1773880824.2581272
CDT725SSF6SS,,dishwasher,1773880824.2581272
CDT725SSF7SS,,dishwasher,1773880824.2581272
CDT800P2N0S1,,dishwasher,1773880824.2581272
CDT805M5N0S5,,dishwasher,1773880824.2581272
CDT805M5N2S5,,dishwasher,1773880824.2581272
CDT805M5N3S5,,dishwasher,1773880824.2581272
66513002N510,,dishwasher,1773880824.7152
66513002N511,,dishwasher,1773880824.7152
66513003N510,,dishwasher,1773880824.7152
66513003N511,,dishwasher,1773880824.7152
66513004N510,,dishwasher,1773880824.7152
66513004N511,,dishwasher,1773880824.7152
66513009N510,,dishwasher,1773880824.7152
66513009N511,,dishwasher,1773880824.7152
66513012K110,,dishwasher,1773880824.7152
66513012K111,,dishwasher,1773880824.7152
66513012K112,,dishwasher,1773880824.7152
66513012K113,,dishwasher,1773880824.7152
66513013K110,,dishwasher,1773880824.7152
66513013K111,,dishwasher,1773880824.7152
63013003012,,dishwasher,1773880835.274008
63013003015,,dishwasher,1773880835.274008
63013003016,,dishwasher,1773880835.274008
63013003017,,dishwasher,1773880835.274008
63013003018,,dishwasher,1773880835.274008
63013023010,,dishwasher,1773880835.274008
63013023011,,dishwasher,1773880835.274008
63013023015,,dishwasher,1773880835.274008
63013023016,,dishwasher,1773880835.274008
63013023017,,dishwasher,1773880835.274008
63013023018,,dishwasher,1773880835.274008
63013993010,,dishwasher,1773880835.274008
63013993012,,dishwasher,1773880835.274008
63013993015,,dishwasher,1773880835.274008
63013993016,,dishwasher,1773880835.274008
63013993017,,dishwasher,1773880835.274008
63013993018,,dishwasher,1773880835.274008
DF240161,,dishwasher,1773880835.274008
DF241161,,dishwasher,1773880835.274008
DF241761,,dishwasher,1773880835.274008
DF260141,,dishwasher,1773880835.274008
DF260142,,dishwasher,1773880835.274008
DF260161,,dishwasher,1773880835.274008
DF260161F,,dishwasher,1773880835.274008
DF260162,,dishwasher,1773880835.274008
DF260760,,dishwasher,1773880835.274008
DF260761,,dishwasher,1773880835.274008
DF261161,,dishwasher,1773880835.274008
DF261161F,,dishwasher,1773880835.274008
DF261161S,,dishwasher,1773880835.274008
CRSE263TB0,,refrigerator,1773880836.373365
CRSE263TD0,,refrigerator,1773880836.373365
CRSE263TS0,,refrigerator,1773880836.373365
CRSE263TW0,,refrigerator,1773880836.373365
DGHX2655TF0,,refrigerator,1773880836.373365
DGHX2655TF5,,refrigerator,1773880836.373365
DGHX2655TF6,,refrigerator,1773880836.373365
DGHX2655TF8,,refrigerator,1773880836.373365
DGHX2655TF9,,refrigerator,1773880836.373365
DGHX2655TFA,,refrigerator,1773880836.373365
DGHX2655TFB,,refrigerator,1773880836.373365
DGHX2655TFC,,refrigerator,1773880836.373365
FFSS2615TD0,,refrigerator,1773880836.373365
FFSS2615TD1,,refrigerator,1773880836.373365
FFSS2615TD2,,refrigerator,1773880836.373365
FFSS2615TD3,,refrigerator,1773880836.373365
FFSS2615TD4,,refrigerator,1773880836.373365
FFSS2615TE0,,refrigerator,1773880836.373365
FFSS2615TE1,,refrigerator,1773880836.373365
FFSS2615TE2,,refrigerator,1773880836.373365
FFSS2615TE3,,refrigerator,1773880836.373365
FFSS2615TE4,,refrigerator,1773880836.373365
FFSS2615TP0,,refrigerator,1773880836.373365
FFSS2615TP1,,refrigerator,1773880836.373365
FFSS2615TP2,,refrigerator,1773880836.373365
FFSS2615TP3,,refrigerator,1773880836.373365
FFSS2615TP4,,refrigerator,1773880836.373365
FFSS2615TS0,,refrigerator,1773880836.373365
FFSS2615TS1,,refrigerator,1773880836.373365
FFSS2615TS2,,refrigerator,1773880836.373365
10640262010,,refrigerator,1773880836.745638
10640263010,,refrigerator,1773880836.745638
10640263011,,refrigerator,1773880836.745638
10640269010,,refrigerator,1773880836.745638
10640562010,,refrigerator,1773880836.745638
10640563010,,refrigerator,1773880836.745638
10640563011,,refrigerator,1773880836.745638
10640569010,,refrigerator,1773880836.745638
10640569011,,refrigerator,1773880836.745638
10641262800,,refrigerator,1773880836.745638
10641262801,,refrigerator,1773880836.745638
10641263800,,refrigerator,1773880836.745638
10641263801,,refrigerator,1773880836.745638
10641263802,,refrigerator,1773880836.745638
10641263804,,refrigerator,1773880836.745638
10641264800,,refrigerator,1773880836.745638
10641264801,,refrigerator,1773880836.745638
10641269800,,refrigerator,1773880836.745638
10641269801,,refrigerator,1773880836.745638
10641562800,,refrigerator,1773880836.745638
10641562801,,refrigerator,1773880836.745638
10641562802,,refrigerator,1773880836.745638
10641563800,,refrigerator,1773880836.745638
10641563801,,refrigerator,1773880836.745638
10641563802,,refrigerator,1773880836.745638
10641563803,,refrigerator,1773880836.745638
10641563805,,refrigerator,1773880836.745638
10641564800,,refrigerator,1773880836.745638
10641564801,,refrigerator,1773880836.745638
10641564802,,refrigerator,1773880836.745638
10650022210,,refrigerator,1773880846.767369
10650022211,,refrigerator,1773880846.767369
10650023210,,refrigerator,1773880846.767369
10650023211,,refrigerator,1773880846.767369
10650029210,,refrigerator,1773880846.767369
10650029211,,refrigerator,1773880846.767369
10650029213,,refrigerator,1773880846.767369
10651122211,,refrigerator,1773880846.767369
10651123211,,refrigerator,1773880846.767369
10651124211,,refrigerator,1773880846.767369
10651129211,,refrigerator,1773880846.767369
10651129212,,refrigerator,1773880846.767369
10651132210,,refrigerator,1773880846.767369
10651132213,,refrigerator,1773880846.767369
10651133210,,refrigerator,1773880846.767369
10651133213,,refrigerator,1773880846.767369
10651134210,,refrigerator,1773880846.767369
10651134213,,refrigerator,1773880846.767369
10651135610,,refrigerator,1773880846.767369
10651136210,,refrigerator,1773880846.767369
10651139210,,refrigerator,1773880846.767369
10651139213,,refrigerator,1773880846.767369
10651139214,,refrigerator,1773880846.767369
10651142111,,refrigerator,1773880846.767369
10651143111,,refrigerator,1773880846.767369
10651149111,,refrigerator,1773880846.767369
10651149112,,refrigerator,1773880846.767369
10651152112,,refrigerator,1773880846.767369
10651182112,,refrigerator,1773880846.767369
10651183112,,refrigerator,1773880846.767369
25331113300,,refrigerator,1773880847.998637
25331113302,,refrigerator,1773880847.998637
2533111330A,,refrigerator,1773880847.998637
2533111330C,,refrigerator,1773880847.998637
2533111330D,,refrigerator,1773880847.998637
2533111330F,,refrigerator,1773880847.998637
2533111330H,,refrigerator,1773880847.998637
2533111330K,,refrigerator,1773880847.998637
2533111330L,,refrigerator,1773880847.998637
25331115300,,refrigerator,1773880847.998637
25331115302,,refrigerator,1773880847.998637
25331115308,,refrigerator,1773880847.998637
2533111530F,,refrigerator,1773880847.998637
2533111530H,,refrigerator,1773880847.998637
2533111530K,,refrigerator,1773880847.998637
2533111530L,,refrigerator,1773880847.998637
25331123300,,refrigerator,1773880847.998637
25331125300,,refrigerator,1773880847.998637
25331133300,,refrigerator,1773880847.998637
25331133303,,refrigerator,1773880847.998637
25331133306,,refrigerator,1773880847.998637
25331135300,,refrigerator,1773880847.998637
25331135303,,refrigerator,1773880847.998637
25331810300,,refrigerator,1773880847.998637
25331812300,,refrigerator,1773880847.998637
25331814300,,refrigerator,1773880847.998637
25331817300,,refrigerator,1773880847.998637
25331840106,,refrigerator,1773880847.998637
25331840108,,refrigerator,1773880847.998637
2533184010A,,refrigerator,1773880847.998637
25331113304,,refrigerator,1773880848.35834
25331113308,,refrigerator,1773880848.35834
2533111330B,,refrigerator,1773880848.35834
2533111330E,,refrigerator,1773880848.35834
2533111330G,,refrigerator,1773880848.35834
2533111330J,,refrigerator,1773880848.35834
25331115304,,refrigerator,1773880848.35834
2533111530A,,refrigerator,1773880848.35834
2533111530B,,refrigerator,1773880848.35834
2533111530C,,refrigerator,1773880848.35834
2533111530D,,refrigerator,1773880848.35834
2533111530E,,refrigerator,1773880848.35834
2533111530G,,refrigerator,1773880848.35834
2533111530J,,refrigerator,1773880848.35834
10641152210,,refrigerator,1773880858.400617
10641152211,,refrigerator,1773880858.400617
10641153210,,refrigerator,1773880858.400617
10641153211,,refrigerator,1773880858.400617
10641154210,,refrigerator,1773880858.400617
10641159210,,refrigerator,1773880858.400617
10641159211,,refrigerator,1773880858.400617
10641159212,,refrigerator,1773880858.400617
10641512100,,refrigerator,1773880858.400617
10641512101,,refrigerator,1773880858.400617
10641514100,,refrigerator,1773880858.400617
10641012101,,refrigerator,1773880859.4862862
10641012104,,refrigerator,1773880859.4862862
10641014101,,refrigerator,1773880859.4862862
10641014104,,refrigerator,1773880859.4862862
10641212101,,refrigerator,1773880859.4862862
10641214101,,refrigerator,1773880859.4862862
10641514101,,refrigerator,1773880859.4862862
10641519101,,refrigerator,1773880859.4862862
10648212500,,refrigerator,1773880859.4862862
10650222010,,refrigerator,1773880859.4862862
10650512001,,refrigerator,1773880859.4862862
10650517000,,refrigerator,1773880859.4862862
10650517001,,refrigerator,1773880859.4862862
10650517003,,refrigerator,1773880859.4862862
10651512101,,refrigerator,1773880859.4862862
10651514101,,refrigerator,1773880859.4862862
10651522100,,refrigerator,1773880859.4862862
10651524100,,refrigerator,1773880859.4862862
10652232101,,refrigerator,1773880859.4862862
10652234101,,refrigerator,1773880859.4862862
10652242102,,refrigerator,1773880859.4862862
10652534101,,refrigerator,1773880859.4862862
10652542100,,refrigerator,1773880859.4862862
10652542102,,refrigerator,1773880859.4862862
10652544100,,refrigerator,1773880859.4862862
10652544102,,refrigerator,1773880859.4862862
10653282300,,refrigerator,1773880859.4862862
25360112410,,refrigerator,1773880859.889181
25360113410,,refrigerator,1773880859.889181
25360113411,,refrigerator,1773880859.889181
25360119410,,refrigerator,1773880859.889181
25360602410,,refrigerator,1773880859.889181
25360602411,,refrigerator,1773880859.889181
25360602412,,refrigerator,1773880859.889181
25360602413,,refrigerator,1773880859.889181
25360602414,,refrigerator,1773880859.889181
25360602415,,refrigerator,1773880859.889181
25360602416,,refrigerator,1773880859.889181
25360603410,,refrigerator,1773880859.889181
25360603411,,refrigerator,1773880859.889181
25360603412,,refrigerator,1773880859.889181
25360603413,,refrigerator,1773880859.889181
25360603414,,refrigerator,1773880859.889181
25360603415,,refrigerator,1773880859.889181
25360603416,,refrigerator,1773880859.889181
25360604410,,refrigerator,1773880859.889181
25360604411,,refrigerator,1773880859.889181
25360604412,,refrigerator,1773880859.889181
25360604413,,refrigerator,1773880859.889181
25360604414,,refrigerator,1773880859.889181
25360604415,,refrigerator,1773880859.889181
25360604416,,refrigerator,1773880859.889181
25360609410,,refrigerator,1773880859.889181
25360609411,,refrigerator,1773880859.889181
25360609412,,refrigerator,1773880859.889181
25360609413,,refrigerator,1773880859.889181
25360609414,,refrigerator,1773880859.889181
25344302400,,refrigerator,1773880869.6293042
25344302401,,refrigerator,1773880869.6293042
25344303400,,refrigerator,1773880869.6293042
25344303401,,refrigerator,1773880869.6293042
25344303402,,refrigerator,1773880869.6293042
25344303403,,refrigerator,1773880869.6293042
25344304400,,refrigerator,1773880869.6293042
25344304401,,refrigerator,1773880869.6293042
25344309400,,refrigerator,1773880869.6293042
25344309401,,refrigerator,1773880869.6293042
25344333600,,refrigerator,1773880869.6293042
25344333601,,refrigerator,1773880869.6293042
25344333602,,refrigerator,1773880869.6293042
25344333603,,refrigerator,1773880869.6293042
25344333604,,refrigerator,1773880869.6293042
25344333605,,refrigerator,1773880869.6293042
25344333606,,refrigerator,1773880869.6293042
25344333607,,refrigerator,1773880869.6293042
25344333608,,refrigerator,1773880869.6293042
25344333609,,refrigerator,1773880869.6293042
2534433360A,,refrigerator,1773880869.6293042
25344352400,,refrigerator,1773880869.6293042
25344352401,,refrigerator,1773880869.6293042
25344352403,,refrigerator,1773880869.6293042
25344352404,,refrigerator,1773880869.6293042
25344352405,,refrigerator,1773880869.6293042
25344352406,,refrigerator,1773880869.6293042
25344352407,,refrigerator,1773880869.6293042
25344352408,,refrigerator,1773880869.6293042
25344352409,,refrigerator,1773880869.6293042
25351622100,,refrigerator,1773880871.5497952
25351622101,,refrigerator,1773880871.5497952
25351622102,,refrigerator,1773880871.5497952
25351622103,,refrigerator,1773880871.5497952
25351622104,,refrigerator,1773880871.5497952
25351624100,,refrigerator,1773880871.5497952
25351624101,,refrigerator,1773880871.5497952
25351624102,,refrigerator,1773880871.5497952
25351624103,,refrigerator,1773880871.5497952
25351624104,,refrigerator,1773880871.5497952
25352612200,,refrigerator,1773880871.5497952
25352612201,,refrigerator,1773880871.5497952
25352612202,,refrigerator,1773880871.5497952
25352614200,,refrigerator,1773880871.5497952
25352614201,,refrigerator,1773880871.5497952
25352614202,,refrigerator,1773880871.5497952
25352622200,,refrigerator,1773880871.5497952
25352622201,,refrigerator,1773880871.5497952
25352622202,,refrigerator,1773880871.5497952
25352624200,,refrigerator,1773880871.5497952
25352624201,,refrigerator,1773880871.5497952
25352624202,,refrigerator,1773880871.5497952
25352632200,,refrigerator,1773880871.5497952
25352632201,,refrigerator,1773880871.5497952
25352632202,,refrigerator,1773880871.5497952
25352633200,,refrigerator,1773880871.5497952
25352634200,,refrigerator,1773880871.5497952
25352634201,,refrigerator,1773880871.5497952
25352634202,,refrigerator,1773880871.5497952
25352639200,,refrigerator,1773880871.5497952
